word,male_count,y,female_count,x,xOdds,yOdds
there,461,23.56344752,61,18.33208114,0.777988073,1.285366748
aint,1135,58.01412785,180,54.09466566,0.932439522,1.072455613
nothing,240,12.26730457,28,8.41472577,0.685947408,1.457837712
like,1699,86.84229358,278,83.54620586,0.962045133,1.039452273
them,217,11.09168788,32,9.616829452,0.867030298,1.153362232
first,122,6.235879821,22,6.611570248,1.060246579,0.943176823
loves,38,1.942323223,9,2.704733283,1.392524813,0.718120058
baby,1003,51.26711033,138,41.47257701,0.808950938,1.23616891
remember,68,3.475736294,28,8.41472577,2.420990852,0.413054018
high,228,11.65393934,39,11.72051089,1.005712365,0.994320081
school,25,1.277844226,13,3.906836965,3.05736559,0.327078974
days,103,5.26471821,16,4.808414726,0.913328033,1.094896865
friday,120,6.133652283,11,3.305785124,0.538958678,1.855429816
nights,93,4.75358052,11,3.305785124,0.695430552,1.437958107
giving,12,0.613365228,3,0.901577761,1.469887303,0.680324266
my,2269,115.9771419,356,106.9872276,0.922485465,1.084027921
old,312,15.94749594,43,12.92261458,0.810322487,1.234076575
jacket,8,0.408910152,3,0.901577761,2.204830954,0.453549511
away,224,11.44948426,55,16.52892562,1.443639315,0.692693798
to,3421,174.8602038,688,206.7618332,1.182440765,0.845708326
whats,114,5.826969669,11,3.305785124,0.567324924,1.762658325
her,704,35.9840934,55,16.52892562,0.459339782,2.17703765
name,143,7.309268971,42,12.62208866,1.726860607,0.579085536
but,1255,64.14778013,240,72.12622089,1.124375945,0.889382243
now,531,27.14141135,74,22.23891811,0.819372206,1.220446571
its,1101,56.2762597,152,45.67993989,0.811708883,1.231968777
you,6466,330.5016305,1176,353.4184823,1.069339603,0.935156612
and,4257,217.5913147,831,249.7370398,1.147734413,0.871281709
me,2695,137.7516075,504,151.4650639,1.09955206,0.909461258
talking,94,4.804694289,9,2.704733283,0.562935563,1.776402249
on,3011,153.9035585,412,123.8166792,0.804508228,1.242995367
the,6901,352.7361201,1164,349.8121713,0.991710662,1.008358625
till,52,2.657915989,4,1.202103681,0.452273016,2.211053864
am,102,5.213604441,52,15.62734786,2.997417245,0.333620553
about,386,19.72991484,99,29.75206612,1.507967285,0.66314436
anything,80,4.089101522,5,1.502629602,0.367471826,2.721297063
everything,217,11.09168788,22,6.611570248,0.59608333,1.677617792
making,60,3.066826142,14,4.207362885,1.371894816,0.728918856
feel,257,13.13623864,31,9.316303531,0.709206325,1.410026906
young,46,2.351233375,4,1.202103681,0.511265149,1.955932264
again,184,9.404933501,39,11.72051089,1.2462088,0.802433749
a,5115,261.4469286,695,208.8655147,0.798883031,1.251747705
damn,149,7.615951585,8,2.404207363,0.315680495,3.167759862
thing,255,13.0340111,37,11.11945905,0.853111062,1.172180323
changed,12,0.613365228,23,6.912096168,11.26913599,0.088737948
makes,108,5.520287055,18,5.409466566,0.979924869,1.020486399
want,397,20.2921663,53,15.92787378,0.784927225,1.27400346
down,999,51.06265526,128,38.46731781,0.753335635,1.327429573
your,1843,94.20267632,381,114.5003757,1.215468394,0.822728098
driveway,15,0.766706535,4,1.202103681,1.56787979,0.637803999
climb,19,0.971161612,4,1.202103681,1.237799834,0.807885066
out,918,46.92243997,113,33.959429,0.72373536,1.381720522
window,53,2.709029758,9,2.704733283,0.998414017,1.001588502
get,887,45.33791313,137,41.17205109,0.908115267,1.101181795
in,2808,143.5274634,429,128.9256198,0.898264463,1.113257889
girl,1030,52.6471821,59,17.7310293,0.336789712,2.969211838
well,356,18.19650177,65,19.53418482,1.073513199,0.931520918
roll,163,8.331544351,19,5.709992487,0.685346227,1.459116517
until,64,3.271281218,9,2.704733283,0.826811608,1.209465361
dirt,100,5.111376903,10,3.005259204,0.587954921,1.700810664
road,198,10.12052627,32,9.616829452,0.950230176,1.052376599
ends,23,1.175616688,2,0.601051841,0.511265149,1.955932264
can,822,42.01551814,108,32.4567994,0.772495517,1.294505895
up,1715,87.66011388,237,71.22464313,0.812509133,1.230755396
that,2322,118.6861717,350,105.1840721,0.886236961,1.128366389
with,1076,54.99841547,193,58.00150263,1.054603158,0.948223977
pretty,153,7.820406661,44,13.2231405,1.690850754,0.591418254
little,908,46.41130228,97,29.15101427,0.628101623,1.592099055
bare,18,0.920047842,4,1.202103681,1.306566491,0.765364799
feet,64,3.271281218,16,4.808414726,1.469887303,0.680324266
butterflies,9,0.460023921,7,2.103681443,4.57298272,0.218675657
we,1809,92.46480817,196,58.90308039,0.637032419,1.569778822
used,107,5.469173286,18,5.409466566,0.989083045,1.01103745
got,1151,58.83194815,191,57.40045079,0.975668027,1.024938783
our,298,15.23190317,50,15.02629602,0.986501545,1.013683156
just,1446,73.91051001,231,69.4214876,0.939264086,1.064663299
were,778,39.7665123,111,33.35837716,0.838855993,1.192099727
i,6094,311.4873085,1174,352.8174305,1.132686376,0.882856916
thought,101,5.162490672,41,12.32156273,2.3867477,0.418980188
was,634,32.40612956,136,40.87152517,1.261228222,0.792877913
long,325,16.61197493,35,10.51840721,0.633182223,1.579324188
gone,179,9.149364656,26,7.813673929,0.854012735,1.170942727
take,597,30.51492011,125,37.56574005,1.231061393,0.812307173
back,853,43.60004498,126,37.86626597,0.868491443,1.151421823
time,621,31.74165057,93,27.94891059,0.880512201,1.135702605
break,168,8.587113197,46,13.82419234,1.60987657,0.621165634
city,68,3.475736294,6,1.803155522,0.518783754,1.92758542
from,376,19.21877715,53,15.92787378,0.828766245,1.206612849
sure,117,5.980310976,8,2.404207363,0.402020459,2.487435597
she,783,40.02208115,75,22.53944403,0.563175212,1.775646334
tonight,402,20.54773515,26,7.813673929,0.380269352,2.62971495
because,39,1.993436992,13,3.906836965,1.959849737,0.510243199
youre,900,46.00239212,190,57.09992487,1.241238167,0.805647157
summer,69,3.526850063,10,3.005259204,0.852108581,1.173559358
loving,65,3.322394987,12,3.606311044,1.085455239,0.921272443
dont,1192,60.92761268,249,74.83095417,1.228194424,0.814203338
come,456,23.30787868,54,16.2283997,0.696262407,1.436240117
or,318,16.25417855,44,13.2231405,0.813522532,1.229222253
go,675,34.50179409,73,21.93839219,0.635862359,1.572667395
never,547,27.95923166,97,29.15101427,1.042625728,0.959116942
had,232,11.85839441,57,17.12997746,1.444544418,0.692259779
say,393,20.08771123,52,15.62734786,0.777955621,1.285420368
goodbye,55,2.811257296,19,5.709992487,2.031117,0.492339929
wake,61,3.117939911,6,1.803155522,0.578316316,1.729157509
morning,98,5.009149365,11,3.305785124,0.659949401,1.515267683
feeling,106,5.418059517,28,8.41472577,1.553088471,0.643878323
kiss,296,15.12967563,42,12.62208866,0.834260361,1.198666563
every,491,25.09686059,68,20.43576258,0.814275654,1.228085347
lips,146,7.462610278,21,6.311044328,0.845688585,1.182468367
touch,55,2.811257296,6,1.803155522,0.641405368,1.559076442
mine,175,8.94490958,20,6.010518407,0.671948481,1.488209331
looking,167,8.535999428,34,10.21788129,1.197033971,0.835398179
wish,83,4.242442829,68,20.43576258,4.816980077,0.207598949
could,381,19.474346,89,26.74680691,1.373438005,0.728099846
put,257,13.13623864,40,12.02103681,0.915104936,1.092770852
inside,55,2.811257296,7,2.103681443,0.748306263,1.336351236
memory,50,2.555688451,5,1.502629602,0.587954921,1.700810664
be,1358,69.41249834,319,95.8677686,1.381131221,0.724044164
love,958,48.96699073,261,78.43726521,1.601839608,0.624282229
last,207,10.58055019,26,7.813673929,0.738494104,1.354106952
yeah,1244,63.58552867,281,84.44778362,1.328097531,0.75295675
oh,636,32.5083571,230,69.12096168,2.126252073,0.470311123
it,3173,162.1839891,496,149.0608565,0.919084907,1.088038758
week,42,2.146778299,2,0.601051841,0.279978534,3.571702395
at,571,29.18596211,62,18.63260706,0.638409897,1.566391757
where,511,26.11913597,44,13.2231405,0.506262554,1.975259658
all,1573,80.40195868,309,92.86250939,1.154978198,0.865817209
nothin,101,5.162490672,6,1.803155522,0.349280151,2.863031285
do,712,36.39300355,87,26.14575507,0.718428064,1.391927808
man,284,14.5163104,41,12.32156273,0.848808161,1.178122509
hot,69,3.526850063,6,1.803155522,0.511265149,1.955932264
so,805,41.14658407,192,57.70097671,1.402327265,0.713100305
jumped,9,0.460023921,2,0.601051841,1.306566491,0.765364799
sweet,139,7.104813895,23,6.912096168,0.972875049,1.027881228
tea,9,0.460023921,2,0.601051841,1.306566491,0.765364799
off,326,16.6630887,53,15.92787378,0.955877632,1.046159012
of,1865,95.32717924,285,85.6498873,0.898483392,1.112986628
tshirt,58,2.964598604,2,0.601051841,0.202743076,4.932350927
drippin,7,0.357796383,3,0.901577761,2.519806805,0.396855822
how,417,21.31444168,62,18.63260706,0.874177581,1.143932334
forget,85,4.344670367,17,5.108940646,1.175909842,0.850405332
blonde,14,0.715592766,3,0.901577761,1.259903402,0.793711643
hair,119,6.082538514,9,2.704733283,0.444671789,2.248849656
song,310,15.8452684,29,8.71525169,0.550022346,1.818107952
id,260,13.28957995,52,15.62734786,1.175909842,0.850405332
sing,100,5.111376903,4,1.202103681,0.235181968,4.252026661
beautiful,52,2.657915989,7,2.103681443,0.791477778,1.263459351
playin,22,1.124502919,2,0.601051841,0.534504474,1.870891731
cool,60,3.066826142,14,4.207362885,1.371894816,0.728918856
still,319,16.30529232,70,21.03681443,1.290183212,0.775083717
hear,146,7.462610278,19,5.709992487,0.765146815,1.306938721
sound,95,4.855808058,26,7.813673929,1.609139784,0.62145005
tears,33,1.686754378,23,6.912096168,4.097867632,0.244029356
cried,11,0.562251459,3,0.901577761,1.603513421,0.623630577
day,211,10.78500526,34,10.21788129,0.947415513,1.055503089
leave,182,9.302705963,37,11.11945905,1.195292971,0.836614975
wanted,42,2.146778299,17,5.108940646,2.379817538,0.420200282
dance,156,7.973747968,8,2.404207363,0.301515344,3.316580796
one,666,34.04177017,72,21.63786627,0.635626942,1.573249865
hell,208,10.63166396,22,6.611570248,0.621875397,1.608039174
tangled,33,1.686754378,2,0.601051841,0.356336316,2.806337596
lets,234,11.96062195,15,4.507888805,0.37689418,2.653264636
stay,158,8.075975506,19,5.709992487,0.707034399,1.414358342
right,680,34.75736294,54,16.2283997,0.466905379,2.141761577
here,465,23.7679026,77,23.14049587,0.973602773,1.027112934
til,165,8.433771889,16,4.808414726,0.570138105,1.753960998
sun,184,9.404933501,16,4.808414726,0.511265149,1.955932264
starts,26,1.328957995,2,0.601051841,0.452273016,2.211053864
then,222,11.34725672,39,11.72051089,1.03289378,0.968153763
knew,68,3.475736294,20,6.010518407,1.72927918,0.578275626
what,781,39.91985361,142,42.67468069,1.069008947,0.935445865
thinkin,34,1.737868147,9,2.704733283,1.556351262,0.642528473
when,1068,54.58950532,169,50.78888054,0.930378106,1.074831828
act,31,1.58452684,5,1.502629602,0.948314389,1.054502612
is,850,43.44670367,158,47.48309542,1.092904442,0.914993079
crazy,245,12.52287341,27,8.11419985,0.647950321,1.543328195
no,718,36.69968616,147,44.17731029,1.203751719,0.830736093
reason,52,2.657915989,4,1.202103681,0.452273016,2.211053864
why,164,8.38265812,56,16.82945154,2.00765095,0.498094552
life,290,14.82299302,38,11.41998497,0.77042369,1.297987086
enough,122,6.235879821,32,9.616829452,1.542176842,0.648434066
drunk,119,6.082538514,10,3.005259204,0.494079766,2.023964691
good,595,30.41269257,109,32.75732532,1.077093889,0.92842417
night,692,35.37072817,79,23.74154771,0.671220213,1.489824025
thats,395,20.18993877,57,17.12997746,0.848441279,1.178631952
way,622,31.79276433,58,17.43050338,0.548253785,1.823972816
doing,109,5.571400824,13,3.906836965,0.70123064,1.426064326
big,102,5.213604441,8,2.404207363,0.461141115,2.168533597
home,345,17.63425031,40,12.02103681,0.681686865,1.466949198
people,103,5.26471821,5,1.502629602,0.28541501,3.503669969
us,188,9.609388577,44,13.2231405,1.376064709,0.726710011
losing,27,1.380071764,6,1.803155522,1.306566491,0.765364799
wrong,120,6.133652283,29,8.71525169,1.420891059,0.703783723
gonna,717,36.64857239,153,45.98046582,1.25463184,0.797046566
chasing,24,1.226730457,5,1.502629602,1.224906086,0.816389119
sunrise,20,1.022275381,2,0.601051841,0.587954921,1.700810664
wild,118,6.031424745,32,9.616829452,1.594454023,0.627173932
kids,31,1.58452684,2,0.601051841,0.379325756,2.63625653
run,111,5.673628362,34,10.21788129,1.800943002,0.555264658
party,156,7.973747968,10,3.005259204,0.37689418,2.653264636
turned,66,3.373508756,2,0.601051841,0.178168158,5.612675192
treat,8,0.408910152,4,1.202103681,2.939774606,0.340162133
this,965,49.32478711,141,42.37415477,0.859084393,1.164029994
town,270,13.80071764,22,6.611570248,0.47907438,2.087358543
own,36,1.840095685,49,14.7257701,8.00271976,0.124957518
if,948,48.45585304,211,63.4109692,1.308633843,0.764155692
wanna,741,37.87530285,119,35.76258452,0.944219104,1.05907622
drive,98,5.009149365,10,3.005259204,0.599954001,1.666794451
car,65,3.322394987,4,1.202103681,0.361818413,2.76381733
burning,40,2.044550761,17,5.108940646,2.498808415,0.400190745
dark,72,3.68019137,16,4.808414726,1.306566491,0.765364799
nobody,106,5.418059517,10,3.005259204,0.554674454,1.802859304
wants,50,2.555688451,5,1.502629602,0.587954921,1.700810664
their,69,3.526850063,14,4.207362885,1.192952014,0.838256685
sense,17,0.868934073,6,1.803155522,2.075135016,0.481896355
living,56,2.862371066,8,2.404207363,0.839935602,1.190567465
gotta,290,14.82299302,55,16.52892562,1.115086919,0.896791078
make,579,29.59487227,94,28.24943651,0.954538214,1.047626994
best,91,4.651352981,20,6.010518407,1.292208618,0.773868852
having,24,1.226730457,2,0.601051841,0.489962434,2.040972797
think,329,16.81643001,61,18.33208114,1.090129185,0.917322473
see,395,20.18993877,62,18.63260706,0.922865952,1.083580988
shade,18,0.920047842,3,0.901577761,0.979924869,1.020486399
blue,205,10.47832265,38,11.41998497,1.089867659,0.917542595
even,200,10.22275381,38,11.41998497,1.11711435,0.895163508
though,35,1.788981916,11,3.305785124,1.847858323,0.54116703
been,400,20.44550761,49,14.7257701,0.720244778,1.388416869
hope,79,4.037987753,12,3.606311044,0.893096083,1.119700354
find,185,9.45604727,31,9.316303531,0.98522176,1.014999913
storm,16,0.817820304,2,0.601051841,0.734943651,1.360648532
eyes,287,14.66965171,48,14.42524418,0.983339241,1.016943043
are,360,18.40095685,51,15.32682194,0.832936138,1.200572234
as,451,23.05230983,54,16.2283997,0.703981502,1.42049187
full,46,2.351233375,7,2.103681443,0.89471401,1.117675579
dreams,67,3.424622525,8,2.404207363,0.702035727,1.424428931
they,379,19.37211846,49,14.7257701,0.7601528,1.315524983
those,175,8.94490958,36,10.81893313,1.209507266,0.826782962
cut,34,1.737868147,5,1.502629602,0.86463959,1.156551252
jeans,65,3.322394987,8,2.404207363,0.723636826,1.381908665
thunder,21,1.07338915,3,0.901577761,0.839935602,1.190567465
blowing,33,1.686754378,4,1.202103681,0.712672632,1.403168798
made,203,10.37609511,57,17.12997746,1.650907907,0.605727307
bout,166,8.484885658,22,6.611570248,0.779217365,1.283338956
youve,115,5.878083438,23,6.912096168,1.175909842,0.850405332
only,191,9.762729884,38,11.41998497,1.169753246,0.85488115
broken,58,2.964598604,20,6.010518407,2.027430762,0.493235093
heart,310,15.8452684,86,25.84522915,1.631100749,0.613082914
ive,275,14.05628648,55,16.52892562,1.175909842,0.850405332
ever,276,14.10740025,39,11.72051089,0.830805867,1.203650624
have,348,17.78759162,69,20.7362885,1.165772688,0.857800161
funny,21,1.07338915,4,1.202103681,1.119914135,0.892925599
everybody,115,5.878083438,14,4.207362885,0.715771208,1.397094474
line,93,4.75358052,24,7.212622089,1.517303022,0.659064132
coming,113,5.7758559,14,4.207362885,0.728439725,1.372797179
mile,11,0.562251459,3,0.901577761,1.603513421,0.623630577
heard,38,1.942323223,4,1.202103681,0.618899917,1.615770131
many,39,1.993436992,5,1.502629602,0.75378836,1.326632318
times,99,5.060263134,11,3.305785124,0.653283246,1.530729598
tell,294,15.02744809,47,14.12471826,0.939927935,1.063911352
believe,106,5.418059517,47,14.12471826,2.606969933,0.383587086
goes,145,7.411496509,12,3.606311044,0.486583383,2.055146219
guy,76,3.884646446,13,3.906836965,1.005712365,0.994320081
into,170,8.689340735,28,8.41472577,0.968396341,1.032635046
bar,93,4.75358052,6,1.803155522,0.379325756,2.63625653
drink,217,11.09168788,15,4.507888805,0.406420452,2.460506094
sees,10,0.51113769,2,0.601051841,1.175909842,0.850405332
his,89,4.549125443,43,12.92261458,2.84068108,0.352028254
eye,31,1.58452684,3,0.901577761,0.568988633,1.757504353
another,211,10.78500526,29,8.71525169,0.808089702,1.23748638
fall,135,6.900358819,19,5.709992487,0.827492111,1.208470735
for,897,45.84905082,148,44.47783621,0.970092846,1.030829166
each,45,2.300119606,6,1.803155522,0.783939895,1.275607998
other,87,4.446897905,10,3.005259204,0.675810254,1.479705278
end,108,5.520287055,49,14.7257701,2.667573253,0.374872555
lovers,15,0.766706535,2,0.601051841,0.783939895,1.275607998
laugh,45,2.300119606,5,1.502629602,0.653283246,1.530729598
cry,39,1.993436992,28,8.41472577,4.221214818,0.236898628
hold,209,10.68277773,56,16.82945154,1.575381607,0.634766837
tight,85,4.344670367,11,3.305785124,0.760882839,1.314262786
work,69,3.526850063,8,2.404207363,0.681686865,1.466949198
while,102,5.213604441,19,5.709992487,1.095210147,0.913066778
fade,18,0.920047842,10,3.005259204,3.266416228,0.30614592
too,295,15.07856186,53,15.92787378,1.05632579,0.946677634
would,182,9.302705963,31,9.316303531,1.001461679,0.998540455
let,446,22.79674099,89,26.74680691,1.173273273,0.852316355
keeping,23,1.175616688,2,0.601051841,0.511265149,1.955932264
light,169,8.638226966,18,5.409466566,0.626224176,1.596872235
will,179,9.149364656,49,14.7257701,1.609485538,0.621316549
probably,70,3.577963832,4,1.202103681,0.335974241,2.976418663
help,67,3.424622525,10,3.005259204,0.877544658,1.139543145
over,353,18.04316047,27,8.11419985,0.449710563,2.223652461
im,1493,76.31285716,303,91.05935387,1.193237382,0.838056212
walking,26,1.328957995,4,1.202103681,0.904546032,1.105526932
drinking,53,2.709029758,23,6.912096168,2.551502488,0.391925936
corner,20,1.022275381,8,2.404207363,2.351819684,0.425202666
booth,10,0.51113769,4,1.202103681,2.351819684,0.425202666
new,128,6.542562435,18,5.409466566,0.826811608,1.209465361
sometimes,68,3.475736294,14,4.207362885,1.210495426,0.826108037
boys,71,3.629077601,13,3.906836965,1.07653718,0.928904286
kicking,8,0.408910152,4,1.202103681,2.939774606,0.340162133
guitar,36,1.840095685,6,1.803155522,0.979924869,1.020486399
singing,84,4.293556598,19,5.709992487,1.329898036,0.751937346
country,143,7.309268971,15,4.507888805,0.616735931,1.6214395
might,196,10.01829873,29,8.71525169,0.869933302,1.149513415
an,213,10.8872328,37,11.11945905,1.021330145,0.979115328
cold,122,6.235879821,10,3.005259204,0.481930263,2.074989011
some,358,18.29872931,42,12.62208866,0.689779516,1.449738614
walk,99,5.060263134,29,8.71525169,1.722292193,0.580621572
change,98,5.009149365,7,2.103681443,0.419967801,2.38113493
know,1145,58.52526554,166,49.88730278,0.852406261,1.173149525
wishin,21,1.07338915,2,0.601051841,0.559957068,1.785851198
alone,141,7.207041433,43,12.92261458,1.793054015,0.557707683
hand,165,8.433771889,30,9.015777611,1.069008947,0.935445865
lookin,54,2.760143527,6,1.803155522,0.653283246,1.530729598
ya,180,9.200478425,9,2.704733283,0.293977461,3.401621329
stand,51,2.60680222,9,2.704733283,1.037567508,0.96379271
smile,122,6.235879821,10,3.005259204,0.481930263,2.074989011
same,134,6.84924505,12,3.606311044,0.526526795,1.899238575
theyre,84,4.293556598,16,4.808414726,1.119914135,0.892925599
seein,14,0.715592766,2,0.601051841,0.839935602,1.190567465
mind,224,11.44948426,27,8.11419985,0.708695664,1.411042922
being,18,0.920047842,10,3.005259204,3.266416228,0.30614592
em,204,10.42720888,31,9.316303531,0.89346091,1.119243147
walkin,4,0.204455076,3,0.901577761,4.409661908,0.226774755
talk,78,3.986873984,17,5.108940646,1.281440213,0.780371952
blame,72,3.68019137,2,0.601051841,0.163320811,6.122918392
keep,260,13.28957995,72,21.63786627,1.628182858,0.614181629
staring,21,1.07338915,7,2.103681443,1.959849737,0.510243199
heartbreak,21,1.07338915,4,1.202103681,1.119914135,0.892925599
room,60,3.066826142,9,2.704733283,0.881932382,1.133873776
turn,215,10.98946034,50,15.02629602,1.367337026,0.731348586
he,209,10.68277773,94,28.24943651,2.644390554,0.378158967
gon,41,2.09566453,5,1.502629602,0.717018196,1.394664745
always,211,10.78500526,37,11.11945905,1.031010999,0.969921757
hey,264,13.49403502,33,9.917355372,0.734943651,1.360648532
by,199,10.17164004,46,13.82419234,1.359091777,0.735785483
itll,21,1.07338915,26,7.813673929,7.27944188,0.137373169
should,126,6.440334897,36,10.81893313,1.679871203,0.595283733
jump,21,1.07338915,2,0.601051841,0.559957068,1.785851198
head,120,6.133652283,32,9.616829452,1.56787979,0.637803999
band,34,1.737868147,7,2.103681443,1.210495426,0.826108037
tomorrow,70,3.577963832,4,1.202103681,0.335974241,2.976418663
wont,158,8.075975506,37,11.11945905,1.376856461,0.726292122
rich,16,0.817820304,12,3.606311044,4.409661908,0.226774755
save,46,2.351233375,9,2.704733283,1.150346585,0.869303228
more,289,14.77187925,70,21.03681443,1.424112266,0.702191831
less,31,1.58452684,15,4.507888805,2.844943167,0.351500871
money,71,3.629077601,10,3.005259204,0.828105523,1.207575572
catch,38,1.942323223,2,0.601051841,0.309449958,3.231540262
buzz,50,2.555688451,2,0.601051841,0.235181968,4.252026661
honey,64,3.271281218,5,1.502629602,0.459339782,2.17703765
cant,632,32.30390203,111,33.35837716,1.032642346,0.968389495
happy,34,1.737868147,5,1.502629602,0.86463959,1.156551252
rest,30,1.533413071,2,0.601051841,0.391969947,2.551215997
front,57,2.913484835,15,4.507888805,1.547249792,0.646308052
seat,53,2.709029758,12,3.606311044,1.331218689,0.751191377
need,305,15.58969955,82,24.64312547,1.580731263,0.632618601
free,93,4.75358052,9,2.704733283,0.568988633,1.757504353
things,131,6.695903743,18,5.409466566,0.807876991,1.237812206
rather,10,0.51113769,6,1.803155522,3.527729527,0.283468444
ride,172,8.791568273,47,14.12471826,1.606621005,0.622424328
truck,126,6.440334897,6,1.803155522,0.279978534,3.571702395
goin,52,2.657915989,17,5.108940646,1.922160319,0.520247968
care,72,3.68019137,9,2.704733283,0.734943651,1.360648532
cause,500,25.55688451,133,39.96994741,1.56396009,0.639402505
windows,36,1.840095685,6,1.803155522,0.979924869,1.020486399
gets,115,5.878083438,21,6.311044328,1.073656812,0.931396316
miss,105,5.366945748,37,11.11945905,2.071841151,0.482662486
lines,34,1.737868147,4,1.202103681,0.691711672,1.445689065
dollar,27,1.380071764,5,1.502629602,1.088805409,0.918437759
signs,5,0.255568845,2,0.601051841,2.351819684,0.425202666
wait,75,3.833532677,6,1.803155522,0.470363937,2.12601333
late,76,3.884646446,11,3.305785124,0.850987386,1.17510555
youll,84,4.293556598,17,5.108940646,1.189908769,0.840400564
didnt,116,5.929197207,43,12.92261458,2.17948807,0.458823342
shining,46,2.351233375,8,2.404207363,1.022530298,0.977966132
worry,42,2.146778299,3,0.901577761,0.419967801,2.38113493
water,78,3.986873984,20,6.010518407,1.507576721,0.663316159
hanging,75,3.833532677,6,1.803155522,0.470363937,2.12601333
round,158,8.075975506,13,3.906836965,0.483760378,2.067139115
grey,3,0.153341307,4,1.202103681,7.839398948,0.1275608
shed,21,1.07338915,4,1.202103681,1.119914135,0.892925599
hung,18,0.920047842,3,0.901577761,0.979924869,1.020486399
sky,121,6.184766052,15,4.507888805,0.728869737,1.371987269
bit,116,5.929197207,7,2.103681443,0.354800383,2.818486244
longer,30,1.533413071,4,1.202103681,0.783939895,1.275607998
couldve,13,0.664478997,3,0.901577761,1.356819049,0.737017955
stead,2,0.102227538,6,1.803155522,17.63864763,0.056693689
going,269,13.74960387,38,11.41998497,0.83056829,1.203994918
wind,62,3.16905368,11,3.305785124,1.043145828,0.958638738
friend,28,1.431185533,11,3.305785124,2.309822904,0.432933624
itd,11,0.562251459,5,1.502629602,2.672522369,0.374178346
southern,72,3.68019137,5,1.502629602,0.408302029,2.449167357
whisper,21,1.07338915,5,1.502629602,1.399892669,0.714340479
forever,80,4.089101522,23,6.912096168,1.690370398,0.591586318
left,130,6.644789974,24,7.212622089,1.085455239,0.921272443
these,170,8.689340735,20,6.010518407,0.691711672,1.445689065
arms,51,2.60680222,8,2.404207363,0.922282229,1.084266799
myself,78,3.986873984,16,4.808414726,1.206061377,0.829145199
against,31,1.58452684,6,1.803155522,1.137977267,0.878752177
fire,174,8.893795811,22,6.611570248,0.74339128,1.345186616
six,24,1.226730457,3,0.901577761,0.734943651,1.360648532
five,35,1.788981916,5,1.502629602,0.839935602,1.190567465
guys,20,1.022275381,4,1.202103681,1.175909842,0.850405332
second,44,2.249005837,7,2.103681443,0.935382829,1.069080989
half,47,2.402347144,2,0.601051841,0.250193583,3.996905061
drag,2,0.102227538,3,0.901577761,8.819323817,0.113387378
everyone,19,0.971161612,12,3.606311044,3.713399502,0.269295022
else,96,4.906921827,15,4.507888805,0.918679564,1.088518825
really,96,4.906921827,18,5.409466566,1.102415477,0.907099021
world,317,16.20306478,50,15.02629602,0.927373693,1.078313961
seemed,6,0.306682614,3,0.901577761,2.939774606,0.340162133
stronger,27,1.380071764,14,4.207362885,3.048655147,0.328013485
weekend,56,2.862371066,11,3.305785124,1.154911452,0.865867247
did,127,6.491448666,19,5.709992487,0.879617599,1.136857655
went,67,3.424622525,10,3.005259204,0.877544658,1.139543145
took,59,3.015712373,8,2.404207363,0.797227012,1.254347865
hit,129,6.593676204,8,2.404207363,0.364623207,2.742557196
movies,2,0.102227538,2,0.601051841,5.879549211,0.170081066
tried,38,1.942323223,7,2.103681443,1.083074855,0.923297218
play,113,5.7758559,10,3.005259204,0.520314089,1.921916051
fast,85,4.344670367,13,3.906836965,0.899225173,1.112068511
lot,85,4.344670367,21,6.311044328,1.452594511,0.688423364
behind,46,2.351233375,11,3.305785124,1.405979159,0.711248096
share,7,0.357796383,3,0.901577761,2.519806805,0.396855822
pieces,10,0.51113769,5,1.502629602,2.939774606,0.340162133
wonder,27,1.380071764,6,1.803155522,1.306566491,0.765364799
jesus,21,1.07338915,2,0.601051841,0.559957068,1.785851198
river,55,2.811257296,8,2.404207363,0.855207158,1.169307332
under,55,2.811257296,13,3.906836965,1.389711632,0.719573743
heavy,16,0.817820304,2,0.601051841,0.734943651,1.360648532
cloud,15,0.766706535,3,0.901577761,1.175909842,0.850405332
smoke,63,3.220167449,19,5.709992487,1.773197381,0.56395301
stuck,48,2.453460913,5,1.502629602,0.612453043,1.632778238
fear,7,0.357796383,3,0.901577761,2.519806805,0.396855822
who,165,8.433771889,40,12.02103681,1.425345263,0.701584399
die,82,4.19132906,5,1.502629602,0.358509098,2.78932949
mirror,11,0.562251459,4,1.202103681,2.138017895,0.467722933
saw,33,1.686754378,9,2.704733283,1.603513421,0.623630577
hide,28,1.431185533,15,4.507888805,3.149758506,0.317484657
hed,5,0.255568845,2,0.601051841,2.351819684,0.425202666
live,113,5.7758559,9,2.704733283,0.468282681,2.135462279
past,38,1.942323223,8,2.404207363,1.237799834,0.807885066
fingers,16,0.817820304,2,0.601051841,0.734943651,1.360648532
through,302,15.43635825,40,12.02103681,0.77874824,1.284112052
slow,109,5.571400824,34,10.21788129,1.833987827,0.545259889
call,148,7.564837816,43,12.92261458,1.708247406,0.585395298
ill,443,22.64339968,62,18.63260706,0.822871447,1.215256652
stick,9,0.460023921,3,0.901577761,1.959849737,0.510243199
around,350,17.88981916,30,9.015777611,0.503961361,1.984279108
together,81,4.140215291,22,6.611570248,1.596914601,0.626207563
lord,57,2.913484835,8,2.404207363,0.825199889,1.211827598
theres,317,16.20306478,21,6.311044328,0.389496951,2.567414193
fence,19,0.971161612,7,2.103681443,2.166149709,0.461648609
fill,43,2.197892068,2,0.601051841,0.273467405,3.656742928
than,151,7.718179123,41,12.32156273,1.596433892,0.626396123
cash,15,0.766706535,2,0.601051841,0.783939895,1.275607998
tank,22,1.124502919,3,0.901577761,0.801756711,1.247261154
buy,47,2.402347144,3,0.901577761,0.375290375,2.664603374
sip,38,1.942323223,6,1.803155522,0.928349875,1.077180087
green,29,1.482299302,6,1.803155522,1.216458457,0.822058488
wouldnt,86,4.395784136,16,4.808414726,1.093869621,0.914185732
easy,84,4.293556598,6,1.803155522,0.419967801,2.38113493
hard,129,6.593676204,26,7.813673929,1.185025422,0.843863753
lucky,23,1.175616688,8,2.404207363,2.045060595,0.488983066
worth,43,2.197892068,18,5.409466566,2.461206647,0.40630477
whatever,66,3.373508756,8,2.404207363,0.712672632,1.403168798
doin,33,1.686754378,10,3.005259204,1.781681579,0.561267519
diane,14,0.715592766,12,3.606311044,5.03961361,0.198427911
nowhere,50,2.555688451,7,2.103681443,0.82313689,1.21486476
roads,27,1.380071764,4,1.202103681,0.871044328,1.148047198
either,16,0.817820304,3,0.901577761,1.102415477,0.907099021
dry,14,0.715592766,14,4.207362885,5.879549211,0.170081066
waitin,27,1.380071764,4,1.202103681,0.871044328,1.148047198
sunday,46,2.351233375,2,0.601051841,0.255632574,3.911864528
cigarette,23,1.175616688,3,0.901577761,0.766897723,1.303954843
amazing,21,1.07338915,5,1.502629602,1.399892669,0.714340479
grace,17,0.868934073,6,1.803155522,2.075135016,0.481896355
whoa,99,5.060263134,6,1.803155522,0.356336316,2.806337596
porch,47,2.402347144,6,1.803155522,0.75058075,1.332301687
rolling,57,2.913484835,6,1.803155522,0.618899917,1.615770131
top,116,5.929197207,4,1.202103681,0.202743076,4.932350927
south,44,2.249005837,2,0.601051841,0.267252237,3.741783462
white,82,4.19132906,20,6.010518407,1.434036393,0.697332372
sleep,47,2.402347144,8,2.404207363,1.000774334,0.999226265
lead,9,0.460023921,2,0.601051841,1.306566491,0.765364799
waiting,51,2.60680222,7,2.103681443,0.806996951,1.239162055
pocket,23,1.175616688,2,0.601051841,0.511265149,1.955932264
cooler,6,0.306682614,2,0.601051841,1.959849737,0.510243199
beer,139,7.104813895,2,0.601051841,0.08459783,11.82063412
something,187,9.558274808,43,12.92261458,1.351981904,0.73965487
relax,4,0.204455076,2,0.601051841,2.939774606,0.340162133
far,64,3.271281218,14,4.207362885,1.28615139,0.777513447
guns,18,0.920047842,17,5.108940646,5.552907588,0.180085835
girls,99,5.060263134,33,9.917355372,1.959849737,0.510243199
heavenly,5,0.255568845,5,1.502629602,5.879549211,0.170081066
kick,58,2.964598604,13,3.906836965,1.317829996,0.758823219
ahead,17,0.868934073,3,0.901577761,1.037567508,0.96379271
gettin,64,3.271281218,2,0.601051841,0.183735913,5.442594126
bet,73,3.731305139,4,1.202103681,0.32216708,3.103979462
taste,55,2.811257296,2,0.601051841,0.213801789,4.677229327
kind,118,6.031424745,15,4.507888805,0.747400323,1.337971056
hits,11,0.562251459,3,0.901577761,1.603513421,0.623630577
wherever,20,1.022275381,6,1.803155522,1.763864763,0.566936888
done,60,3.066826142,29,8.71525169,2.841782119,0.351891862
already,77,3.935760215,5,1.502629602,0.38178891,2.619248423
waste,14,0.715592766,4,1.202103681,1.679871203,0.595283733
dime,14,0.715592766,6,1.803155522,2.519806805,0.396855822
trying,79,4.037987753,22,6.611570248,1.637342818,0.610745648
raise,83,4.242442829,9,2.704733283,0.637541481,1.56852539
glass,58,2.964598604,11,3.305785124,1.115086919,0.896791078
lost,102,5.213604441,36,10.81893313,2.075135016,0.481896355
seen,104,5.315831979,9,2.704733283,0.508807143,1.965381212
close,102,5.213604441,16,4.808414726,0.922282229,1.084266799
place,122,6.235879821,22,6.611570248,1.060246579,0.943176823
whiskey,176,8.996023349,8,2.404207363,0.267252237,3.741783462
matter,77,3.935760215,13,3.906836965,0.992651166,1.00740324
friends,136,6.951472588,23,6.912096168,0.994335528,1.005696741
grow,43,2.197892068,15,4.507888805,2.051005539,0.487565724
garden,17,0.868934073,3,0.901577761,1.037567508,0.96379271
growing,9,0.460023921,3,0.901577761,1.959849737,0.510243199
move,98,5.009149365,14,4.207362885,0.839935602,1.190567465
lay,83,4.242442829,4,1.202103681,0.283351769,3.529182129
tracks,15,0.766706535,3,0.901577761,1.175909842,0.850405332
train,30,1.533413071,5,1.502629602,0.979924869,1.020486399
comes,101,5.162490672,28,8.41472577,1.629974039,0.613506704
along,113,5.7758559,8,2.404207363,0.416251272,2.402395063
alright,127,6.491448666,19,5.709992487,0.879617599,1.136857655
may,54,2.760143527,2,0.601051841,0.217761082,4.592188794
not,248,12.67621472,44,13.2231405,1.043145828,0.958638738
lies,14,0.715592766,5,1.502629602,2.099839004,0.476226986
truth,55,2.811257296,14,4.207362885,1.496612526,0.668175618
wash,17,0.868934073,2,0.601051841,0.691711672,1.445689065
circles,6,0.306682614,10,3.005259204,9.799248685,0.10204864
golden,9,0.460023921,5,1.502629602,3.266416228,0.30614592
bed,80,4.089101522,10,3.005259204,0.734943651,1.360648532
empty,39,1.993436992,4,1.202103681,0.603030688,1.658290398
lose,106,5.418059517,11,3.305785124,0.610141899,1.638963004
guess,76,3.884646446,18,5.409466566,1.392524813,0.718120058
god,105,5.366945748,38,11.41998497,2.127836857,0.469960841
woman,22,1.124502919,2,0.601051841,0.534504474,1.870891731
give,179,9.149364656,48,14.42524418,1.576638895,0.634260644
gave,35,1.788981916,10,3.005259204,1.679871203,0.595283733
dressed,17,0.868934073,2,0.601051841,0.691711672,1.445689065
calling,42,2.146778299,18,5.409466566,2.519806805,0.396855822
dirty,30,1.533413071,11,3.305785124,2.155834711,0.463857454
words,70,3.577963832,17,5.108940646,1.427890523,0.700333803
few,50,2.555688451,7,2.103681443,0.82313689,1.21486476
bird,12,0.613365228,3,0.901577761,1.469887303,0.680324266
callin,23,1.175616688,2,0.601051841,0.511265149,1.955932264
mean,54,2.760143527,16,4.808414726,1.742088655,0.574023599
yourself,25,1.277844226,17,5.108940646,3.998093464,0.250119215
tick,12,0.613365228,3,0.901577761,1.469887303,0.680324266
any,84,4.293556598,11,3.305785124,0.769940968,1.298800871
lipstick,19,0.971161612,9,2.704733283,2.785049626,0.359060029
maybe,106,5.418059517,20,6.010518407,1.109348908,0.901429652
fight,53,2.709029758,12,3.606311044,1.331218689,0.751191377
burn,71,3.629077601,18,5.409466566,1.490589941,0.670875318
clothes,14,0.715592766,2,0.601051841,0.839935602,1.190567465
yard,17,0.868934073,5,1.502629602,1.72927918,0.578275626
pictures,22,1.124502919,2,0.601051841,0.534504474,1.870891731
showing,8,0.408910152,4,1.202103681,2.939774606,0.340162133
places,17,0.868934073,2,0.601051841,0.691711672,1.445689065
red,152,7.769292892,30,9.015777611,1.160437344,0.86174407
somebodys,33,1.686754378,14,4.207362885,2.494354211,0.400905371
start,97,4.958035596,16,4.808414726,0.96982255,1.031116465
floor,80,4.089101522,14,4.207362885,1.028921112,0.971891808
started,57,2.913484835,5,1.502629602,0.515749931,1.938924157
doors,10,0.51113769,3,0.901577761,1.763864763,0.566936888
shoulder,38,1.942323223,4,1.202103681,0.618899917,1.615770131
sad,12,0.613365228,2,0.601051841,0.979924869,1.020486399
okay,28,1.431185533,10,3.005259204,2.099839004,0.476226986
shes,411,21.00775907,37,11.11945905,0.529302484,1.889278873
him,102,5.213604441,57,17.12997746,3.285630442,0.304355593
somebody,183,9.353819732,28,8.41472577,0.899603158,1.111601256
lights,192,9.813843653,33,9.917355372,1.010547521,0.989562568
shut,16,0.817820304,10,3.005259204,3.674718257,0.272129706
ol,52,2.657915989,3,0.901577761,0.339204762,2.948071818
someone,71,3.629077601,24,7.212622089,1.987453254,0.503156488
saturday,44,2.249005837,5,1.502629602,0.668130592,1.496713385
spend,36,1.840095685,6,1.803155522,0.979924869,1.020486399
radio,110,5.622514593,14,4.207362885,0.748306263,1.336351236
dawn,22,1.124502919,3,0.901577761,0.801756711,1.247261154
show,109,5.571400824,11,3.305785124,0.593349003,1.685348749
body,70,3.577963832,2,0.601051841,0.16798712,5.952837325
looks,77,3.935760215,11,3.305785124,0.839935602,1.190567465
holding,68,3.475736294,5,1.502629602,0.432319795,2.313102504
whole,111,5.673628362,12,3.606311044,0.635626942,1.573249865
bring,48,2.453460913,4,1.202103681,0.489962434,2.040972797
bad,111,5.673628362,18,5.409466566,0.953440413,1.048833243
magic,12,0.613365228,4,1.202103681,1.959849737,0.510243199
ones,87,4.446897905,3,0.901577761,0.202743076,4.932350927
weight,12,0.613365228,6,1.803155522,2.939774606,0.340162133
side,97,4.958035596,15,4.507888805,0.909208641,1.099857563
much,109,5.571400824,24,7.212622089,1.294579643,0.77245151
ups,5,0.255568845,3,0.901577761,3.527729527,0.283468444
roller,11,0.562251459,3,0.901577761,1.603513421,0.623630577
beat,53,2.709029758,12,3.606311044,1.331218689,0.751191377
number,63,3.220167449,6,1.803155522,0.559957068,1.785851198
trouble,16,0.817820304,4,1.202103681,1.469887303,0.680324266
count,20,1.022275381,3,0.901577761,0.881932382,1.133873776
low,55,2.811257296,10,3.005259204,1.069008947,0.935445865
said,252,12.88066979,40,12.02103681,0.93326178,1.071510719
lean,29,1.482299302,6,1.803155522,1.216458457,0.822058488
cmon,16,0.817820304,3,0.901577761,1.102415477,0.907099021
fell,18,0.920047842,7,2.103681443,2.28649136,0.437351314
youd,68,3.475736294,13,3.906836965,1.124031467,0.889654809
throw,42,2.146778299,8,2.404207363,1.119914135,0.892925599
felt,36,1.840095685,14,4.207362885,2.28649136,0.437351314
walked,28,1.431185533,7,2.103681443,1.469887303,0.680324266
hate,49,2.504574682,26,7.813673929,3.119760806,0.320537394
pick,92,4.70246675,5,1.502629602,0.319540718,3.129491622
laid,31,1.58452684,10,3.005259204,1.896628778,0.527251306
cover,23,1.175616688,4,1.202103681,1.022530298,0.977966132
better,157,8.024861737,51,15.32682194,1.90991726,0.523582891
wasting,5,0.255568845,13,3.906836965,15.28682795,0.065415795
breath,26,1.328957995,10,3.005259204,2.261365081,0.442210773
getting,141,7.207041433,18,5.409466566,0.75058075,1.332301687
heading,9,0.460023921,2,0.601051841,1.306566491,0.765364799
jealous,23,1.175616688,4,1.202103681,1.022530298,0.977966132
wearing,16,0.817820304,5,1.502629602,1.837359128,0.544259413
moon,94,4.804694289,10,3.005259204,0.625483959,1.598762025
keeps,45,2.300119606,4,1.202103681,0.522626597,1.913411997
lock,18,0.920047842,9,2.704733283,2.939774606,0.340162133
door,80,4.089101522,26,7.813673929,1.910853494,0.523326358
anyone,15,0.766706535,4,1.202103681,1.56787979,0.637803999
wall,54,2.760143527,5,1.502629602,0.544402705,1.836875518
slip,21,1.07338915,2,0.601051841,0.559957068,1.785851198
thinking,94,4.804694289,10,3.005259204,0.625483959,1.598762025
between,45,2.300119606,2,0.601051841,0.261313298,3.826823995
worst,13,0.664478997,7,2.103681443,3.165911114,0.315864838
couldnt,82,4.19132906,15,4.507888805,1.075527295,0.929776497
sitting,116,5.929197207,16,4.808414726,0.810972305,1.233087732
dropping,11,0.562251459,2,0.601051841,1.069008947,0.935445865
story,25,1.277844226,6,1.803155522,1.411091811,0.70867111
table,11,0.562251459,2,0.601051841,1.069008947,0.935445865
bottle,78,3.986873984,6,1.803155522,0.452273016,2.211053864
neon,68,3.475736294,4,1.202103681,0.345855836,2.891378129
songs,55,2.811257296,8,2.404207363,0.855207158,1.169307332
kissing,32,1.635640609,4,1.202103681,0.734943651,1.360648532
company,16,0.817820304,4,1.202103681,1.469887303,0.680324266
outside,27,1.380071764,2,0.601051841,0.435522164,2.296094397
street,50,2.555688451,9,2.704733283,1.058318858,0.944894814
use,30,1.533413071,14,4.207362885,2.743789632,0.364459428
two,183,9.353819732,28,8.41472577,0.899603158,1.111601256
sit,32,1.635640609,4,1.202103681,0.734943651,1.360648532
hometown,41,2.09566453,4,1.202103681,0.573614557,1.743330931
mommas,3,0.153341307,2,0.601051841,3.919699474,0.2551216
taking,54,2.760143527,8,2.404207363,0.871044328,1.148047198
slide,36,1.840095685,2,0.601051841,0.326641623,3.061459196
closer,59,3.015712373,4,1.202103681,0.398613506,2.50869573
chance,65,3.322394987,6,1.803155522,0.542727619,1.842544886
theyll,16,0.817820304,5,1.502629602,1.837359128,0.544259413
dress,54,2.760143527,11,3.305785124,1.19768595,0.834943417
look,281,14.3629691,35,10.51840721,0.732328194,1.365507991
house,82,4.19132906,9,2.704733283,0.645316377,1.549627494
finally,35,1.788981916,7,2.103681443,1.175909842,0.850405332
shoes,32,1.635640609,16,4.808414726,2.939774606,0.340162133
ready,64,3.271281218,7,2.103681443,0.643075695,1.555026893
noise,31,1.58452684,5,1.502629602,0.948314389,1.054502612
crowd,32,1.635640609,3,0.901577761,0.551207739,1.814198042
wondering,30,1.533413071,4,1.202103681,0.783939895,1.275607998
standing,34,1.737868147,10,3.005259204,1.72927918,0.578275626
minute,46,2.351233375,5,1.502629602,0.639081436,1.564745811
since,57,2.913484835,7,2.103681443,0.722049903,1.384945827
anymore,13,0.664478997,2,0.601051841,0.904546032,1.105526932
whos,21,1.07338915,2,0.601051841,0.559957068,1.785851198
stars,113,5.7758559,14,4.207362885,0.728439725,1.372797179
playing,51,2.60680222,7,2.103681443,0.806996951,1.239162055
air,46,2.351233375,2,0.601051841,0.255632574,3.911864528
couple,64,3.271281218,9,2.704733283,0.826811608,1.209465361
boy,152,7.769292892,98,29.4515402,3.790761991,0.263799205
quit,24,1.226730457,6,1.803155522,1.469887303,0.680324266
jenny,3,0.153341307,4,1.202103681,7.839398948,0.1275608
plate,5,0.255568845,4,1.202103681,4.703639369,0.212601333
daddy,42,2.146778299,8,2.404207363,1.119914135,0.892925599
came,77,3.935760215,7,2.103681443,0.534504474,1.870891731
small,61,3.117939911,4,1.202103681,0.385544211,2.593736263
weve,62,3.16905368,18,5.409466566,1.7069659,0.585834784
met,50,2.555688451,8,2.404207363,0.940727874,1.063006665
yet,22,1.124502919,10,3.005259204,2.672522369,0.374178346
quick,16,0.817820304,4,1.202103681,1.469887303,0.680324266
stop,101,5.162490672,15,4.507888805,0.873200378,1.145212514
midnight,68,3.475736294,7,2.103681443,0.605247713,1.652216074
coke,23,1.175616688,3,0.901577761,0.766897723,1.303954843
momma,17,0.868934073,4,1.202103681,1.383423344,0.722844532
roots,43,2.197892068,6,1.803155522,0.820402216,1.218914309
broke,54,2.760143527,10,3.005259204,1.088805409,0.918437759
saved,13,0.664478997,2,0.601051841,0.904546032,1.105526932
born,41,2.09566453,5,1.502629602,0.717018196,1.394664745
trailer,12,0.613365228,5,1.502629602,2.449812171,0.408194559
teenage,8,0.408910152,2,0.601051841,1.469887303,0.680324266
stone,18,0.920047842,4,1.202103681,1.306566491,0.765364799
pink,12,0.613365228,5,1.502629602,2.449812171,0.408194559
makin,26,1.328957995,10,3.005259204,2.261365081,0.442210773
church,42,2.146778299,20,6.010518407,2.799785339,0.35717024
caught,34,1.737868147,3,0.901577761,0.518783754,1.92758542
sisters,4,0.204455076,4,1.202103681,5.879549211,0.170081066
boyfriend,4,0.204455076,13,3.906836965,19.10853494,0.052332636
doesnt,15,0.766706535,3,0.901577761,1.175909842,0.850405332
hes,82,4.19132906,39,11.72051089,2.796370966,0.357606345
regret,16,0.817820304,2,0.601051841,0.734943651,1.360648532
wreck,13,0.664478997,7,2.103681443,3.165911114,0.315864838
hurt,73,3.731305139,22,6.611570248,1.77191894,0.564359902
fine,45,2.300119606,23,6.912096168,3.00510293,0.332767304
erase,8,0.408910152,3,0.901577761,2.204830954,0.453549511
numb,3,0.153341307,4,1.202103681,7.839398948,0.1275608
instead,10,0.51113769,8,2.404207363,4.703639369,0.212601333
woke,24,1.226730457,5,1.502629602,1.224906086,0.816389119
wasnt,32,1.635640609,6,1.803155522,1.102415477,0.907099021
yesterday,13,0.664478997,4,1.202103681,1.809092065,0.552763466
stranger,6,0.306682614,7,2.103681443,6.85947408,0.145783771
kill,48,2.453460913,9,2.704733283,1.102415477,0.907099021
watch,66,3.373508756,11,3.305785124,0.979924869,1.020486399
angels,19,0.971161612,4,1.202103681,1.237799834,0.807885066
alcohol,12,0.613365228,2,0.601051841,0.979924869,1.020486399
meant,17,0.868934073,18,5.409466566,6.225405047,0.160632118
takes,27,1.380071764,17,5.108940646,3.701938392,0.270128753
handle,8,0.408910152,4,1.202103681,2.939774606,0.340162133
feels,89,4.549125443,15,4.507888805,0.99093526,1.009147661
does,55,2.811257296,9,2.704733283,0.962108053,1.039384295
lonely,79,4.037987753,18,5.409466566,1.339644124,0.746466903
wine,61,3.117939911,18,5.409466566,1.734948948,0.576385836
piece,12,0.613365228,4,1.202103681,1.959849737,0.510243199
face,51,2.60680222,17,5.108940646,1.959849737,0.510243199
hiding,7,0.357796383,3,0.901577761,2.519806805,0.396855822
angel,38,1.942323223,4,1.202103681,0.618899917,1.615770131
once,23,1.175616688,9,2.704733283,2.30069317,0.434651614
loved,37,1.891209454,8,2.404207363,1.271253883,0.786624932
which,2,0.102227538,2,0.601051841,5.879549211,0.170081066
whose,4,0.204455076,5,1.502629602,7.349436514,0.136064853
birth,2,0.102227538,3,0.901577761,8.819323817,0.113387378
newborn,2,0.102227538,3,0.901577761,8.819323817,0.113387378
king,15,0.766706535,4,1.202103681,1.56787979,0.637803999
hearts,63,3.220167449,12,3.606311044,1.119914135,0.892925599
boots,89,4.549125443,12,3.606311044,0.792748208,1.261434576
bass,14,0.715592766,4,1.202103681,1.679871203,0.595283733
drum,7,0.357796383,6,1.803155522,5.03961361,0.198427911
bomb,8,0.408910152,2,0.601051841,1.469887303,0.680324266
aw,20,1.022275381,3,0.901577761,0.881932382,1.133873776
somethin,41,2.09566453,12,3.606311044,1.720843672,0.58111031
row,23,1.175616688,5,1.502629602,1.278162872,0.782372906
straight,64,3.271281218,13,3.906836965,1.194283434,0.837322173
shy,9,0.460023921,3,0.901577761,1.959849737,0.510243199
tied,14,0.715592766,3,0.901577761,1.259903402,0.793711643
ring,49,2.504574682,31,9.316303531,3.719714807,0.268837815
slammed,2,0.102227538,3,0.901577761,8.819323817,0.113387378
ask,37,1.891209454,5,1.502629602,0.794533677,1.258599892
found,86,4.395784136,12,3.606311044,0.820402216,1.218914309
isnt,3,0.153341307,5,1.502629602,9.799248685,0.10204864
breaking,28,1.431185533,2,0.601051841,0.419967801,2.38113493
stereo,3,0.153341307,3,0.901577761,5.879549211,0.170081066
dixie,9,0.460023921,9,2.704733283,5.879549211,0.170081066
smokin,6,0.306682614,19,5.709992487,18.6185725,0.05370981
secret,19,0.971161612,3,0.901577761,0.928349875,1.077180087
knows,66,3.373508756,22,6.611570248,1.959849737,0.510243199
loud,63,3.220167449,2,0.601051841,0.186652356,5.357553593
bang,13,0.664478997,14,4.207362885,6.331822227,0.157932419
box,3,0.153341307,4,1.202103681,7.839398948,0.1275608
hittin,10,0.51113769,3,0.901577761,1.763864763,0.566936888
locked,16,0.817820304,3,0.901577761,1.102415477,0.907099021
string,23,1.175616688,2,0.601051841,0.511265149,1.955932264
listen,31,1.58452684,6,1.803155522,1.137977267,0.878752177
rain,88,4.498011674,9,2.704733283,0.601317533,1.663014872
skin,32,1.635640609,2,0.601051841,0.367471826,2.721297063
limb,13,0.664478997,3,0.901577761,1.356819049,0.737017955
fly,37,1.891209454,14,4.207362885,2.224694296,0.449499961
rules,13,0.664478997,4,1.202103681,1.809092065,0.552763466
freedom,33,1.686754378,3,0.901577761,0.534504474,1.870891731
space,20,1.022275381,9,2.704733283,2.645797145,0.377957925
swore,9,0.460023921,4,1.202103681,2.613132983,0.382682399
figure,16,0.817820304,4,1.202103681,1.469887303,0.680324266
onto,15,0.766706535,2,0.601051841,0.783939895,1.275607998
push,11,0.562251459,7,2.103681443,3.741531316,0.267270247
shell,33,1.686754378,6,1.803155522,1.069008947,0.935445865
beg,6,0.306682614,3,0.901577761,2.939774606,0.340162133
shake,25,1.277844226,4,1.202103681,0.940727874,1.063006665
fool,26,1.328957995,10,3.005259204,2.261365081,0.442210773
try,99,5.060263134,19,5.709992487,1.128398333,0.886211872
diesel,4,0.204455076,2,0.601051841,2.939774606,0.340162133
watching,65,3.322394987,6,1.803155522,0.542727619,1.842544886
mood,15,0.766706535,3,0.901577761,1.175909842,0.850405332
black,86,4.395784136,6,1.803155522,0.410201108,2.437828619
couch,13,0.664478997,4,1.202103681,1.809092065,0.552763466
saying,56,2.862371066,24,7.212622089,2.519806805,0.396855822
mmm,46,2.351233375,18,5.409466566,2.30069317,0.434651614
music,46,2.351233375,2,0.601051841,0.255632574,3.911864528
cup,41,2.09566453,2,0.601051841,0.286807279,3.486661862
rhyme,3,0.153341307,2,0.601051841,3.919699474,0.2551216
babe,36,1.840095685,4,1.202103681,0.653283246,1.530729598
melody,21,1.07338915,5,1.502629602,1.399892669,0.714340479
deep,52,2.657915989,5,1.502629602,0.56534127,1.768843091
picture,26,1.328957995,10,3.005259204,2.261365081,0.442210773
downtown,32,1.635640609,2,0.601051841,0.367471826,2.721297063
woo,5,0.255568845,4,1.202103681,4.703639369,0.212601333
explain,6,0.306682614,3,0.901577761,2.939774606,0.340162133
moving,29,1.482299302,2,0.601051841,0.405486152,2.466175463
counting,8,0.408910152,2,0.601051841,1.469887303,0.680324266
pray,40,2.044550761,3,0.901577761,0.440966191,2.267747553
blind,5,0.255568845,5,1.502629602,5.879549211,0.170081066
known,21,1.07338915,4,1.202103681,1.119914135,0.892925599
quite,15,0.766706535,2,0.601051841,0.783939895,1.275607998
yall,45,2.300119606,2,0.601051841,0.261313298,3.826823995
draw,4,0.204455076,4,1.202103681,5.879549211,0.170081066
mama,43,2.197892068,5,1.502629602,0.683668513,1.462697171
sugar,17,0.868934073,2,0.601051841,0.691711672,1.445689065
tin,8,0.408910152,4,1.202103681,2.939774606,0.340162133
pouring,20,1.022275381,3,0.901577761,0.881932382,1.133873776
spinning,35,1.788981916,9,2.704733283,1.511884083,0.661426369
apart,9,0.460023921,6,1.803155522,3.919699474,0.2551216
chest,29,1.482299302,4,1.202103681,0.810972305,1.233087732
alive,45,2.300119606,5,1.502629602,0.653283246,1.530729598
dash,9,0.460023921,2,0.601051841,1.306566491,0.765364799
sleeping,15,0.766706535,2,0.601051841,0.783939895,1.275607998
without,110,5.622514593,6,1.803155522,0.320702684,3.118152885
almost,16,0.817820304,5,1.502629602,1.837359128,0.544259413
havent,6,0.306682614,3,0.901577761,2.939774606,0.340162133
bags,2,0.102227538,2,0.601051841,5.879549211,0.170081066
packed,7,0.357796383,3,0.901577761,2.519806805,0.396855822
woah,63,3.220167449,23,6.912096168,2.146502093,0.465874225
ooh,91,4.651352981,64,19.2336589,4.135067577,0.241834016
rhythm,12,0.613365228,7,2.103681443,3.42973704,0.291567542
s,6,0.306682614,12,3.606311044,11.75909842,0.085040533
wheel,26,1.328957995,4,1.202103681,0.904546032,1.105526932
handed,2,0.102227538,5,1.502629602,14.69887303,0.068032427
wheels,37,1.891209454,6,1.803155522,0.953440413,1.048833243
strong,93,4.75358052,14,4.207362885,0.88509343,1.129824227
real,118,6.031424745,37,11.11945905,1.843587465,0.542420698
follow,15,0.766706535,9,2.704733283,3.527729527,0.283468444
pull,70,3.577963832,13,3.906836965,1.091916282,0.915821127
clock,18,0.920047842,5,1.502629602,1.633208114,0.612291839
dead,24,1.226730457,2,0.601051841,0.489962434,2.040972797
men,21,1.07338915,2,0.601051841,0.559957068,1.785851198
write,13,0.664478997,2,0.601051841,0.904546032,1.105526932
next,74,3.782418908,21,6.311044328,1.668520722,0.599333282
glow,19,0.971161612,3,0.901577761,0.928349875,1.077180087
open,99,5.060263134,9,2.704733283,0.534504474,1.870891731
called,32,1.635640609,4,1.202103681,0.734943651,1.360648532
store,8,0.408910152,4,1.202103681,2.939774606,0.340162133
chair,9,0.460023921,3,0.901577761,1.959849737,0.510243199
three,39,1.993436992,8,2.404207363,1.206061377,0.829145199
sunshine,34,1.737868147,3,0.901577761,0.518783754,1.92758542
laughing,17,0.868934073,6,1.803155522,2.075135016,0.481896355
drops,6,0.306682614,2,0.601051841,1.959849737,0.510243199
hours,18,0.920047842,2,0.601051841,0.653283246,1.530729598
diamond,25,1.277844226,5,1.502629602,1.175909842,0.850405332
asking,14,0.715592766,7,2.103681443,2.939774606,0.340162133
smiling,23,1.175616688,2,0.601051841,0.511265149,1.955932264
reaching,9,0.460023921,8,2.404207363,5.226265965,0.1913412
soul,45,2.300119606,22,6.611570248,2.874446281,0.34789309
falling,58,2.964598604,11,3.305785124,1.115086919,0.896791078
kinda,80,4.089101522,13,3.906836965,0.955426747,1.046652717
afraid,12,0.613365228,24,7.212622089,11.75909842,0.085040533
wears,6,0.306682614,2,0.601051841,1.959849737,0.510243199
says,53,2.709029758,2,0.601051841,0.221869782,4.507148261
falls,8,0.408910152,2,0.601051841,1.469887303,0.680324266
such,22,1.124502919,12,3.606311044,3.207026842,0.311815288
heels,13,0.664478997,4,1.202103681,1.809092065,0.552763466
dying,12,0.613365228,4,1.202103681,1.959849737,0.510243199
sober,33,1.686754378,6,1.803155522,1.069008947,0.935445865
driving,32,1.635640609,15,4.507888805,2.756038693,0.362839608
earned,2,0.102227538,3,0.901577761,8.819323817,0.113387378
sink,19,0.971161612,5,1.502629602,1.547249792,0.646308052
doubt,22,1.124502919,2,0.601051841,0.534504474,1.870891731
before,88,4.498011674,21,6.311044328,1.403074244,0.712720659
perfect,47,2.402347144,2,0.601051841,0.250193583,3.996905061
shot,87,4.446897905,4,1.202103681,0.270324102,3.699263195
tryna,27,1.380071764,7,2.103681443,1.524327573,0.656026971
tear,26,1.328957995,8,2.404207363,1.809092065,0.552763466
page,8,0.408910152,3,0.901577761,2.204830954,0.453549511
working,51,2.60680222,8,2.404207363,0.922282229,1.084266799
sorry,19,0.971161612,9,2.704733283,2.785049626,0.359060029
hardest,3,0.153341307,4,1.202103681,7.839398948,0.1275608
part,24,1.226730457,10,3.005259204,2.449812171,0.408194559
praying,8,0.408910152,7,2.103681443,5.14460556,0.194378362
swear,54,2.760143527,2,0.601051841,0.217761082,4.592188794
running,65,3.322394987,7,2.103681443,0.633182223,1.579324188
bright,25,1.277844226,3,0.901577761,0.705545905,1.41734222
hands,116,5.929197207,28,8.41472577,1.419201534,0.704621561
finger,32,1.635640609,5,1.502629602,0.918679564,1.088518825
knock,34,1.737868147,9,2.704733283,1.556351262,0.642528473
rush,7,0.357796383,3,0.901577761,2.519806805,0.396855822
match,8,0.408910152,4,1.202103681,2.939774606,0.340162133
understand,33,1.686754378,15,4.507888805,2.672522369,0.374178346
mmmm,4,0.204455076,17,5.108940646,24.98808415,0.040019074
dancing,53,2.709029758,8,2.404207363,0.887479126,1.126787065
sunset,48,2.453460913,4,1.202103681,0.489962434,2.040972797
told,53,2.709029758,12,3.606311044,1.331218689,0.751191377
gypsy,8,0.408910152,3,0.901577761,2.204830954,0.453549511
dream,57,2.913484835,6,1.803155522,0.618899917,1.615770131
leaving,17,0.868934073,8,2.404207363,2.766846688,0.361422266
orleans,7,0.357796383,2,0.601051841,1.679871203,0.595283733
oughta,12,0.613365228,4,1.202103681,1.959849737,0.510243199
shoulda,13,0.664478997,7,2.103681443,3.165911114,0.315864838
thousand,16,0.817820304,4,1.202103681,1.469887303,0.680324266
somewhere,55,2.811257296,4,1.202103681,0.427603579,2.338614664
across,30,1.533413071,2,0.601051841,0.391969947,2.551215997
gold,44,2.249005837,7,2.103681443,0.935382829,1.069080989
west,16,0.817820304,10,3.005259204,3.674718257,0.272129706
heaven,86,4.395784136,7,2.103681443,0.478567959,2.089567388
anywhere,38,1.942323223,5,1.502629602,0.773624896,1.292616105
landed,5,0.255568845,3,0.901577761,3.527729527,0.283468444
missing,27,1.380071764,11,3.305785124,2.395371901,0.417471709
oooh,20,1.022275381,5,1.502629602,1.469887303,0.680324266
shades,26,1.328957995,3,0.901577761,0.678409524,1.474035909
weeks,5,0.255568845,2,0.601051841,2.351819684,0.425202666
seats,6,0.306682614,4,1.202103681,3.919699474,0.2551216
hurry,15,0.766706535,5,1.502629602,1.959849737,0.510243199
ima,36,1.840095685,3,0.901577761,0.489962434,2.040972797
grass,37,1.891209454,6,1.803155522,0.953440413,1.048833243
highway,29,1.482299302,4,1.202103681,0.810972305,1.233087732
headed,15,0.766706535,8,2.404207363,3.135759579,0.318902
ten,35,1.788981916,5,1.502629602,0.839935602,1.190567465
tired,14,0.715592766,6,1.803155522,2.519806805,0.396855822
job,17,0.868934073,2,0.601051841,0.691711672,1.445689065
sign,33,1.686754378,3,0.901577761,0.534504474,1.870891731
book,9,0.460023921,3,0.901577761,1.959849737,0.510243199
john,30,1.533413071,3,0.901577761,0.587954921,1.700810664
verse,5,0.255568845,6,1.803155522,7.055459053,0.141734222
clear,22,1.124502919,2,0.601051841,0.534504474,1.870891731
child,37,1.891209454,2,0.601051841,0.317813471,3.146499729
pulled,13,0.664478997,5,1.502629602,2.261365081,0.442210773
riding,18,0.920047842,2,0.601051841,0.653283246,1.530729598
law,5,0.255568845,2,0.601051841,2.351819684,0.425202666
shotgun,19,0.971161612,3,0.901577761,0.928349875,1.077180087
rock,119,6.082538514,14,4.207362885,0.691711672,1.445689065
drop,74,3.782418908,3,0.901577761,0.238360103,4.195332972
drinks,27,1.380071764,3,0.901577761,0.653283246,1.530729598
wide,70,3.577963832,4,1.202103681,0.335974241,2.976418663
ball,32,1.635640609,7,2.103681443,1.28615139,0.777513447
mother,12,0.613365228,2,0.601051841,0.979924869,1.020486399
werent,7,0.357796383,2,0.601051841,1.679871203,0.595283733
babies,10,0.51113769,5,1.502629602,2.939774606,0.340162133
become,3,0.153341307,4,1.202103681,7.839398948,0.1275608
hurts,30,1.533413071,5,1.502629602,0.979924869,1.020486399
oo,2,0.102227538,3,0.901577761,8.819323817,0.113387378
wed,33,1.686754378,7,2.103681443,1.247177105,0.801810742
needed,33,1.686754378,2,0.601051841,0.356336316,2.806337596
closing,8,0.408910152,4,1.202103681,2.939774606,0.340162133
grew,30,1.533413071,6,1.803155522,1.175909842,0.850405332
fault,20,1.022275381,3,0.901577761,0.881932382,1.133873776
mom,15,0.766706535,3,0.901577761,1.175909842,0.850405332
naw,12,0.613365228,5,1.502629602,2.449812171,0.408194559
taken,3,0.153341307,4,1.202103681,7.839398948,0.1275608
pretend,10,0.51113769,3,0.901577761,1.763864763,0.566936888
lie,40,2.044550761,7,2.103681443,1.028921112,0.971891808
wouldve,4,0.204455076,8,2.404207363,11.75909842,0.085040533
yours,45,2.300119606,4,1.202103681,0.522626597,1.913411997
ida,3,0.153341307,3,0.901577761,5.879549211,0.170081066
mess,36,1.840095685,6,1.803155522,0.979924869,1.020486399
wrecked,8,0.408910152,2,0.601051841,1.469887303,0.680324266
gas,25,1.277844226,4,1.202103681,0.940727874,1.063006665
groove,10,0.51113769,3,0.901577761,1.763864763,0.566936888
wings,9,0.460023921,11,3.305785124,7.186115702,0.139157236
shine,53,2.709029758,12,3.606311044,1.331218689,0.751191377
teach,5,0.255568845,3,0.901577761,3.527729527,0.283468444
paper,6,0.306682614,5,1.502629602,4.899624343,0.20409728
droppin,10,0.51113769,3,0.901577761,1.763864763,0.566936888
champagne,10,0.51113769,2,0.601051841,1.175909842,0.850405332
bottles,18,0.920047842,3,0.901577761,0.979924869,1.020486399
sipping,22,1.124502919,3,0.901577761,0.801756711,1.247261154
star,50,2.555688451,2,0.601051841,0.235181968,4.252026661
wound,2,0.102227538,3,0.901577761,8.819323817,0.113387378
laying,11,0.562251459,10,3.005259204,5.345044737,0.187089173
lovin,76,3.884646446,4,1.202103681,0.309449958,3.231540262
crawl,6,0.306682614,2,0.601051841,1.959849737,0.510243199
heartbeat,11,0.562251459,7,2.103681443,3.741531316,0.267270247
bullets,5,0.255568845,3,0.901577761,3.527729527,0.283468444
needle,10,0.51113769,2,0.601051841,1.175909842,0.850405332
TRUE,62,3.16905368,5,1.502629602,0.474157194,2.109005224
tore,8,0.408910152,2,0.601051841,1.469887303,0.680324266
drownin,5,0.255568845,3,0.901577761,3.527729527,0.283468444
stealing,12,0.613365228,5,1.502629602,2.449812171,0.408194559
nobodys,8,0.408910152,4,1.202103681,2.939774606,0.340162133
beating,16,0.817820304,3,0.901577761,1.102415477,0.907099021
thinks,4,0.204455076,5,1.502629602,7.349436514,0.136064853
beneath,2,0.102227538,3,0.901577761,8.819323817,0.113387378
soon,34,1.737868147,3,0.901577761,0.518783754,1.92758542
moment,29,1.482299302,3,0.901577761,0.608229229,1.644116976
history,13,0.664478997,6,1.803155522,2.713638097,0.368508977
rollin,39,1.993436992,8,2.404207363,1.206061377,0.829145199
stuff,27,1.380071764,6,1.803155522,1.306566491,0.765364799
tires,24,1.226730457,3,0.901577761,0.734943651,1.360648532
buck,9,0.460023921,2,0.601051841,1.306566491,0.765364799
mouth,7,0.357796383,3,0.901577761,2.519806805,0.396855822
pop,17,0.868934073,3,0.901577761,1.037567508,0.96379271
bridge,11,0.562251459,3,0.901577761,1.603513421,0.623630577
shooting,28,1.431185533,5,1.502629602,1.049919502,0.952453972
hello,12,0.613365228,7,2.103681443,3.42973704,0.291567542
letting,20,1.022275381,5,1.502629602,1.469887303,0.680324266
learn,36,1.840095685,12,3.606311044,1.959849737,0.510243199
single,26,1.328957995,5,1.502629602,1.130682541,0.884421545
fore,13,0.664478997,2,0.601051841,0.904546032,1.105526932
brother,7,0.357796383,2,0.601051841,1.679871203,0.595283733
folks,15,0.766706535,2,0.601051841,0.783939895,1.275607998
years,50,2.555688451,9,2.704733283,1.058318858,0.944894814
fish,6,0.306682614,8,2.404207363,7.839398948,0.1275608
both,50,2.555688451,11,3.305785124,1.293500826,0.773095757
very,8,0.408910152,6,1.803155522,4.409661908,0.226774755
middle,68,3.475736294,6,1.803155522,0.518783754,1.92758542
wishing,28,1.431185533,8,2.404207363,1.679871203,0.595283733
record,11,0.562251459,2,0.601051841,1.069008947,0.935445865
grabbed,4,0.204455076,2,0.601051841,2.939774606,0.340162133
twelve,9,0.460023921,2,0.601051841,1.306566491,0.765364799
forgot,10,0.51113769,11,3.305785124,6.467504132,0.154619151
tennessee,45,2.300119606,2,0.601051841,0.261313298,3.826823995
spent,21,1.07338915,3,0.901577761,0.839935602,1.190567465
honeymoon,3,0.153341307,2,0.601051841,3.919699474,0.2551216
ran,25,1.277844226,5,1.502629602,1.175909842,0.850405332
climbing,13,0.664478997,3,0.901577761,1.356819049,0.737017955
grab,16,0.817820304,2,0.601051841,0.734943651,1.360648532
underneath,28,1.431185533,11,3.305785124,2.309822904,0.432933624
lifes,12,0.613365228,31,9.316303531,15.18883546,0.065837832
memories,14,0.715592766,12,3.606311044,5.03961361,0.198427911
edge,17,0.868934073,5,1.502629602,1.72927918,0.578275626
drove,12,0.613365228,2,0.601051841,0.979924869,1.020486399
cops,6,0.306682614,4,1.202103681,3.919699474,0.2551216
daddys,17,0.868934073,4,1.202103681,1.383423344,0.722844532
ohh,6,0.306682614,3,0.901577761,2.939774606,0.340162133
picked,14,0.715592766,4,1.202103681,1.679871203,0.595283733
glory,14,0.715592766,2,0.601051841,0.839935602,1.190567465
played,15,0.766706535,2,0.601051841,0.783939895,1.275607998
rolls,13,0.664478997,4,1.202103681,1.809092065,0.552763466
fighting,13,0.664478997,4,1.202103681,1.809092065,0.552763466
somehow,13,0.664478997,7,2.103681443,3.165911114,0.315864838
slamming,5,0.255568845,4,1.202103681,4.703639369,0.212601333
learned,17,0.868934073,6,1.803155522,2.075135016,0.481896355
lying,18,0.920047842,6,1.803155522,1.959849737,0.510243199
question,6,0.306682614,3,0.901577761,2.939774606,0.340162133
wear,23,1.175616688,14,4.207362885,3.578856042,0.279418895
putting,10,0.51113769,3,0.901577761,1.763864763,0.566936888
thank,42,2.146778299,5,1.502629602,0.699946335,1.428680958
has,44,2.249005837,7,2.103681443,0.935382829,1.069080989
hang,37,1.891209454,3,0.901577761,0.476720206,2.097666486
florida,5,0.255568845,2,0.601051841,2.351819684,0.425202666
stomp,3,0.153341307,4,1.202103681,7.839398948,0.1275608
bottom,20,1.022275381,5,1.502629602,1.469887303,0.680324266
brightest,5,0.255568845,2,0.601051841,2.351819684,0.425202666
george,6,0.306682614,2,0.601051841,1.959849737,0.510243199
strait,4,0.204455076,2,0.601051841,2.939774606,0.340162133
dial,28,1.431185533,2,0.601051841,0.419967801,2.38113493
tough,21,1.07338915,3,0.901577761,0.839935602,1.190567465
case,25,1.277844226,2,0.601051841,0.470363937,2.12601333
wondered,5,0.255568845,3,0.901577761,3.527729527,0.283468444
news,10,0.51113769,2,0.601051841,1.175909842,0.850405332
honestly,3,0.153341307,4,1.202103681,7.839398948,0.1275608
became,4,0.204455076,3,0.901577761,4.409661908,0.226774755
turning,82,4.19132906,14,4.207362885,1.003825475,0.996189103
tee,4,0.204455076,4,1.202103681,5.879549211,0.170081066
moves,20,1.022275381,2,0.601051841,0.587954921,1.700810664
georgia,20,1.022275381,2,0.601051841,0.587954921,1.700810664
sweat,10,0.51113769,2,0.601051841,1.175909842,0.850405332
knees,25,1.277844226,13,3.906836965,3.05736559,0.327078974
virgin,4,0.204455076,2,0.601051841,2.939774606,0.340162133
future,12,0.613365228,3,0.901577761,1.469887303,0.680324266
bedroom,3,0.153341307,3,0.901577761,5.879549211,0.170081066
son,23,1.175616688,3,0.901577761,0.766897723,1.303954843
rings,12,0.613365228,3,0.901577761,1.469887303,0.680324266
queens,5,0.255568845,19,5.709992487,22.342287,0.044758175
escape,4,0.204455076,4,1.202103681,5.879549211,0.170081066
plant,13,0.664478997,3,0.901577761,1.356819049,0.737017955
seeds,4,0.204455076,3,0.901577761,4.409661908,0.226774755
names,13,0.664478997,2,0.601051841,0.904546032,1.105526932
family,16,0.817820304,2,0.601051841,0.734943651,1.360648532
wife,13,0.664478997,2,0.601051841,0.904546032,1.105526932
ground,65,3.322394987,6,1.803155522,0.542727619,1.842544886
proud,47,2.402347144,2,0.601051841,0.250193583,3.996905061
year,27,1.380071764,2,0.601051841,0.435522164,2.296094397
damned,5,0.255568845,2,0.601051841,2.351819684,0.425202666
game,23,1.175616688,4,1.202103681,1.022530298,0.977966132
painted,8,0.408910152,2,0.601051841,1.469887303,0.680324266
kitchen,11,0.562251459,5,1.502629602,2.672522369,0.374178346
suns,14,0.715592766,2,0.601051841,0.839935602,1.190567465
harder,10,0.51113769,3,0.901577761,1.763864763,0.566936888
nice,22,1.124502919,7,2.103681443,1.870765658,0.534540495
saving,7,0.357796383,7,2.103681443,5.879549211,0.170081066
unless,14,0.715592766,3,0.901577761,1.259903402,0.793711643
leading,4,0.204455076,3,0.901577761,4.409661908,0.226774755
fishing,11,0.562251459,5,1.502629602,2.672522369,0.374178346
hole,36,1.840095685,3,0.901577761,0.489962434,2.040972797
flying,28,1.431185533,8,2.404207363,1.679871203,0.595283733
midnights,4,0.204455076,6,1.803155522,8.819323817,0.113387378
kills,3,0.153341307,2,0.601051841,3.919699474,0.2551216
vegas,4,0.204455076,3,0.901577761,4.409661908,0.226774755
cheap,14,0.715592766,4,1.202103681,1.679871203,0.595283733
shit,11,0.562251459,5,1.502629602,2.672522369,0.374178346
ahh,3,0.153341307,3,0.901577761,5.879549211,0.170081066
disco,4,0.204455076,3,0.901577761,4.409661908,0.226774755
oooo,3,0.153341307,6,1.803155522,11.75909842,0.085040533
cowboy,21,1.07338915,8,2.404207363,2.239828271,0.446462799
sweeter,20,1.022275381,2,0.601051841,0.587954921,1.700810664
gravel,14,0.715592766,5,1.502629602,2.099839004,0.476226986
faster,20,1.022275381,3,0.901577761,0.881932382,1.133873776
stall,4,0.204455076,2,0.601051841,2.939774606,0.340162133
giddy,2,0.102227538,6,1.803155522,17.63864763,0.056693689
mistakes,7,0.357796383,2,0.601051841,1.679871203,0.595283733
fallin,39,1.993436992,4,1.202103681,0.603030688,1.658290398
fame,4,0.204455076,3,0.901577761,4.409661908,0.226774755
after,70,3.577963832,15,4.507888805,1.259903402,0.793711643
ghost,6,0.306682614,9,2.704733283,8.819323817,0.113387378
plan,8,0.408910152,2,0.601051841,1.469887303,0.680324266
lots,3,0.153341307,9,2.704733283,17.63864763,0.056693689
dallas,2,0.102227538,2,0.601051841,5.879549211,0.170081066
mercedes,4,0.204455076,6,1.803155522,8.819323817,0.113387378
heres,30,1.533413071,11,3.305785124,2.155834711,0.463857454
tie,15,0.766706535,2,0.601051841,0.783939895,1.275607998
talkin,29,1.482299302,3,0.901577761,0.608229229,1.644116976
drinkin,44,2.249005837,17,5.108940646,2.271644013,0.440209819
later,42,2.146778299,6,1.803155522,0.839935602,1.190567465
hotel,17,0.868934073,7,2.103681443,2.420990852,0.413054018
attention,10,0.51113769,2,0.601051841,1.175909842,0.850405332
reach,9,0.460023921,4,1.202103681,2.613132983,0.382682399
football,13,0.664478997,3,0.901577761,1.356819049,0.737017955
solve,3,0.153341307,4,1.202103681,7.839398948,0.1275608
win,8,0.408910152,3,0.901577761,2.204830954,0.453549511
label,8,0.408910152,2,0.601051841,1.469887303,0.680324266
class,24,1.226730457,2,0.601051841,0.489962434,2.040972797
dive,12,0.613365228,3,0.901577761,1.469887303,0.680324266
neighbors,12,0.613365228,4,1.202103681,1.959849737,0.510243199
message,5,0.255568845,2,0.601051841,2.351819684,0.425202666
worse,6,0.306682614,4,1.202103681,3.919699474,0.2551216
sheets,22,1.124502919,4,1.202103681,1.069008947,0.935445865
shelf,5,0.255568845,3,0.901577761,3.527729527,0.283468444
pain,39,1.993436992,25,7.513148009,3.768941802,0.265326464
clouds,8,0.408910152,3,0.901577761,2.204830954,0.453549511
plenty,5,0.255568845,2,0.601051841,2.351819684,0.425202666
handmedown,6,0.306682614,2,0.601051841,1.959849737,0.510243199
fake,8,0.408910152,7,2.103681443,5.14460556,0.194378362
runaway,2,0.102227538,17,5.108940646,49.97616829,0.020009537
crying,9,0.460023921,11,3.305785124,7.186115702,0.139157236
blood,25,1.277844226,4,1.202103681,0.940727874,1.063006665
worlds,8,0.408910152,3,0.901577761,2.204830954,0.453549511
games,11,0.562251459,4,1.202103681,2.138017895,0.467722933
please,19,0.971161612,11,3.305785124,3.403949543,0.293776387
famous,18,0.920047842,22,6.611570248,7.186115702,0.139157236
hows,2,0.102227538,2,0.601051841,5.879549211,0.170081066
seconds,4,0.204455076,2,0.601051841,2.939774606,0.340162133
yep,17,0.868934073,2,0.601051841,0.691711672,1.445689065
digging,8,0.408910152,3,0.901577761,2.204830954,0.453549511
holy,33,1.686754378,14,4.207362885,2.494354211,0.400905371
skirt,14,0.715592766,4,1.202103681,1.679871203,0.595283733
queen,15,0.766706535,3,0.901577761,1.175909842,0.850405332
grave,29,1.482299302,7,2.103681443,1.419201534,0.704621561
seeing,8,0.408910152,4,1.202103681,2.939774606,0.340162133
mamas,14,0.715592766,11,3.305785124,4.619645809,0.216466812
o,6,0.306682614,11,3.305785124,10.77917355,0.092771491
nine,7,0.357796383,4,1.202103681,3.359742406,0.297641866
smooth,36,1.840095685,3,0.901577761,0.489962434,2.040972797
uh,6,0.306682614,2,0.601051841,1.959849737,0.510243199
send,18,0.920047842,3,0.901577761,0.979924869,1.020486399
screen,6,0.306682614,4,1.202103681,3.919699474,0.2551216
different,35,1.788981916,6,1.803155522,1.007922722,0.992139554
scared,47,2.402347144,7,2.103681443,0.875677542,1.141972875
thatll,4,0.204455076,8,2.404207363,11.75909842,0.085040533
steps,6,0.306682614,2,0.601051841,1.959849737,0.510243199
candle,7,0.357796383,2,0.601051841,1.679871203,0.595283733
toe,2,0.102227538,3,0.901577761,8.819323817,0.113387378
drank,11,0.562251459,2,0.601051841,1.069008947,0.935445865
barefoot,9,0.460023921,3,0.901577761,1.959849737,0.510243199
saves,8,0.408910152,2,0.601051841,1.469887303,0.680324266
smell,10,0.51113769,2,0.601051841,1.175909842,0.850405332
strings,14,0.715592766,7,2.103681443,2.939774606,0.340162133
four,23,1.175616688,3,0.901577761,0.766897723,1.303954843
begin,3,0.153341307,3,0.901577761,5.879549211,0.170081066
glitter,5,0.255568845,4,1.202103681,4.703639369,0.212601333
promise,24,1.226730457,8,2.404207363,1.959849737,0.510243199
crossed,9,0.460023921,2,0.601051841,1.306566491,0.765364799
winning,9,0.460023921,4,1.202103681,2.613132983,0.382682399
given,10,0.51113769,4,1.202103681,2.351819684,0.425202666
stairs,6,0.306682614,3,0.901577761,2.939774606,0.340162133
sin,5,0.255568845,2,0.601051841,2.351819684,0.425202666
sleepy,5,0.255568845,2,0.601051841,2.351819684,0.425202666
stains,3,0.153341307,2,0.601051841,3.919699474,0.2551216
hallelujah,13,0.664478997,4,1.202103681,1.809092065,0.552763466
voice,24,1.226730457,5,1.502629602,1.224906086,0.816389119
bullet,3,0.153341307,2,0.601051841,3.919699474,0.2551216
usually,3,0.153341307,2,0.601051841,3.919699474,0.2551216
backyard,5,0.255568845,6,1.803155522,7.055459053,0.141734222
narrow,4,0.204455076,3,0.901577761,4.409661908,0.226774755
reap,2,0.102227538,2,0.601051841,5.879549211,0.170081066
taught,9,0.460023921,2,0.601051841,1.306566491,0.765364799
lessons,3,0.153341307,4,1.202103681,7.839398948,0.1275608
diamonds,9,0.460023921,4,1.202103681,2.613132983,0.382682399
sneaking,2,0.102227538,3,0.901577761,8.819323817,0.113387378
dancin,16,0.817820304,4,1.202103681,1.469887303,0.680324266
tongue,7,0.357796383,7,2.103681443,5.879549211,0.170081066
leads,9,0.460023921,2,0.601051841,1.306566491,0.765364799
fling,2,0.102227538,3,0.901577761,8.819323817,0.113387378
leather,11,0.562251459,3,0.901577761,1.603513421,0.623630577
deserve,3,0.153341307,3,0.901577761,5.879549211,0.170081066
above,8,0.408910152,2,0.601051841,1.469887303,0.680324266
steal,26,1.328957995,4,1.202103681,0.904546032,1.105526932
dimes,6,0.306682614,3,0.901577761,2.939774606,0.340162133
faith,13,0.664478997,4,1.202103681,1.809092065,0.552763466
battle,4,0.204455076,4,1.202103681,5.879549211,0.170081066
harvest,4,0.204455076,3,0.901577761,4.409661908,0.226774755
goodbyes,4,0.204455076,2,0.601051841,2.939774606,0.340162133
peace,7,0.357796383,6,1.803155522,5.03961361,0.198427911
th,8,0.408910152,3,0.901577761,2.204830954,0.453549511
filled,7,0.357796383,5,1.502629602,4.199678008,0.238113493
pound,2,0.102227538,3,0.901577761,8.819323817,0.113387378
darkest,7,0.357796383,2,0.601051841,1.679871203,0.595283733
mr,23,1.175616688,4,1.202103681,1.022530298,0.977966132
fm,7,0.357796383,4,1.202103681,3.359742406,0.297641866
deeper,4,0.204455076,2,0.601051841,2.939774606,0.340162133
gives,18,0.920047842,2,0.601051841,0.653283246,1.530729598
reeling,2,0.102227538,3,0.901577761,8.819323817,0.113387378
opened,4,0.204455076,4,1.202103681,5.879549211,0.170081066
stories,8,0.408910152,2,0.601051841,1.469887303,0.680324266
outlaw,10,0.51113769,3,0.901577761,1.763864763,0.566936888
skies,8,0.408910152,6,1.803155522,4.409661908,0.226774755
granted,2,0.102227538,2,0.601051841,5.879549211,0.170081066
evening,10,0.51113769,2,0.601051841,1.175909842,0.850405332
sway,8,0.408910152,11,3.305785124,8.084380165,0.123695321
sight,11,0.562251459,4,1.202103681,2.138017895,0.467722933
palm,4,0.204455076,2,0.601051841,2.939774606,0.340162133
step,14,0.715592766,16,4.808414726,6.719484813,0.148820933
seems,22,1.124502919,10,3.005259204,2.672522369,0.374178346
answer,7,0.357796383,3,0.901577761,2.519806805,0.396855822
must,16,0.817820304,6,1.803155522,2.204830954,0.453549511
happened,8,0.408910152,6,1.803155522,4.409661908,0.226774755
hurting,5,0.255568845,3,0.901577761,3.527729527,0.283468444
brothers,10,0.51113769,3,0.901577761,1.763864763,0.566936888
sunsets,12,0.613365228,3,0.901577761,1.469887303,0.680324266
blamed,2,0.102227538,2,0.601051841,5.879549211,0.170081066
horse,2,0.102227538,12,3.606311044,35.27729527,0.028346844
choice,6,0.306682614,4,1.202103681,3.919699474,0.2551216
reputation,2,0.102227538,2,0.601051841,5.879549211,0.170081066
toy,3,0.153341307,15,4.507888805,29.39774606,0.034016213
chorus,2,0.102227538,4,1.202103681,11.75909842,0.085040533
flowers,9,0.460023921,2,0.601051841,1.306566491,0.765364799
read,20,1.022275381,7,2.103681443,2.057842224,0.485945904
trigger,3,0.153341307,3,0.901577761,5.879549211,0.170081066
tender,3,0.153341307,2,0.601051841,3.919699474,0.2551216
wrote,12,0.613365228,4,1.202103681,1.959849737,0.510243199
burned,13,0.664478997,8,2.404207363,3.61818413,0.276381733
kissed,27,1.380071764,6,1.803155522,1.306566491,0.765364799
flood,5,0.255568845,2,0.601051841,2.351819684,0.425202666
trust,16,0.817820304,9,2.704733283,3.307246431,0.30236634
devil,15,0.766706535,3,0.901577761,1.175909842,0.850405332
stood,4,0.204455076,6,1.803155522,8.819323817,0.113387378
ended,6,0.306682614,2,0.601051841,1.959849737,0.510243199
clean,4,0.204455076,4,1.202103681,5.879549211,0.170081066
wayne,2,0.102227538,3,0.901577761,8.819323817,0.113387378
don,2,0.102227538,2,0.601051841,5.879549211,0.170081066
marilyn,5,0.255568845,3,0.901577761,3.527729527,0.283468444
rebel,16,0.817820304,4,1.202103681,1.469887303,0.680324266
dinner,6,0.306682614,4,1.202103681,3.919699474,0.2551216
believing,2,0.102227538,2,0.601051841,5.879549211,0.170081066
messing,2,0.102227538,2,0.601051841,5.879549211,0.170081066
ears,3,0.153341307,5,1.502629602,9.799248685,0.10204864
crown,15,0.766706535,9,2.704733283,3.527729527,0.283468444
gate,4,0.204455076,7,2.103681443,10.28921112,0.097189181
tux,2,0.102227538,17,5.108940646,49.97616829,0.020009537
biscuits,2,0.102227538,6,1.803155522,17.63864763,0.056693689
fold,2,0.102227538,6,1.803155522,17.63864763,0.056693689
drowning,12,0.613365228,4,1.202103681,1.959849737,0.510243199
problems,2,0.102227538,4,1.202103681,11.75909842,0.085040533
happen,6,0.306682614,8,2.404207363,7.839398948,0.1275608
sunny,17,0.868934073,2,0.601051841,0.691711672,1.445689065
winding,2,0.102227538,3,0.901577761,8.819323817,0.113387378
bathroom,2,0.102227538,4,1.202103681,11.75909842,0.085040533
honest,5,0.255568845,4,1.202103681,4.703639369,0.212601333
twice,6,0.306682614,2,0.601051841,1.959849737,0.510243199
outlaws,2,0.102227538,3,0.901577761,8.819323817,0.113387378
borrow,4,0.204455076,2,0.601051841,2.939774606,0.340162133
unkind,2,0.102227538,2,0.601051841,5.879549211,0.170081066
held,11,0.562251459,3,0.901577761,1.603513421,0.623630577
reminds,3,0.153341307,2,0.601051841,3.919699474,0.2551216
ship,4,0.204455076,2,0.601051841,2.939774606,0.340162133
married,9,0.460023921,2,0.601051841,1.306566491,0.765364799
coulda,4,0.204455076,2,0.601051841,2.939774606,0.340162133
judge,8,0.408910152,4,1.202103681,2.939774606,0.340162133
fences,3,0.153341307,3,0.901577761,5.879549211,0.170081066
twenty,8,0.408910152,3,0.901577761,2.204830954,0.453549511
mustve,12,0.613365228,3,0.901577761,1.469887303,0.680324266
greener,10,0.51113769,2,0.601051841,1.175909842,0.850405332
roses,7,0.357796383,2,0.601051841,1.679871203,0.595283733
choir,4,0.204455076,9,2.704733283,13.22898573,0.075591585
tunnel,12,0.613365228,3,0.901577761,1.469887303,0.680324266
secrets,6,0.306682614,3,0.901577761,2.939774606,0.340162133
gasoline,4,0.204455076,5,1.502629602,7.349436514,0.136064853
records,3,0.153341307,9,2.704733283,17.63864763,0.056693689
wedding,3,0.153341307,6,1.803155522,11.75909842,0.085040533
scream,6,0.306682614,3,0.901577761,2.939774606,0.340162133
floors,2,0.102227538,2,0.601051841,5.879549211,0.170081066
boats,5,0.255568845,2,0.601051841,2.351819684,0.425202666
damage,3,0.153341307,3,0.901577761,5.879549211,0.170081066
amen,16,0.817820304,7,2.103681443,2.57230278,0.388756723
lied,3,0.153341307,3,0.901577761,5.879549211,0.170081066
horses,5,0.255568845,3,0.901577761,3.527729527,0.283468444
james,7,0.357796383,2,0.601051841,1.679871203,0.595283733
blessed,2,0.102227538,3,0.901577761,8.819323817,0.113387378
gotcha,2,0.102227538,3,0.901577761,8.819323817,0.113387378
chaser,2,0.102227538,3,0.901577761,8.819323817,0.113387378
cost,2,0.102227538,2,0.601051841,5.879549211,0.170081066
bat,2,0.102227538,4,1.202103681,11.75909842,0.085040533
power,10,0.51113769,4,1.202103681,2.351819684,0.425202666
breaks,6,0.306682614,6,1.803155522,5.879549211,0.170081066
revival,4,0.204455076,4,1.202103681,5.879549211,0.170081066
june,4,0.204455076,2,0.601051841,2.939774606,0.340162133
yacht,2,0.102227538,3,0.901577761,8.819323817,0.113387378
thomas,2,0.102227538,2,0.601051841,5.879549211,0.170081066
mm,13,0.664478997,2,0.601051841,0.904546032,1.105526932
brave,12,0.613365228,5,1.502629602,2.449812171,0.408194559
safe,9,0.460023921,11,3.305785124,7.186115702,0.139157236
respect,2,0.102227538,3,0.901577761,8.819323817,0.113387378
shadow,8,0.408910152,2,0.601051841,1.469887303,0.680324266
dresses,2,0.102227538,2,0.601051841,5.879549211,0.170081066
thrill,4,0.204455076,2,0.601051841,2.939774606,0.340162133
jaws,4,0.204455076,3,0.901577761,4.409661908,0.226774755
calm,4,0.204455076,3,0.901577761,4.409661908,0.226774755
imma,3,0.153341307,3,0.901577761,5.879549211,0.170081066
wandering,4,0.204455076,3,0.901577761,4.409661908,0.226774755
everytime,6,0.306682614,2,0.601051841,1.959849737,0.510243199
carrying,4,0.204455076,2,0.601051841,2.939774606,0.340162133
washed,5,0.255568845,3,0.901577761,3.527729527,0.283468444
savior,3,0.153341307,2,0.601051841,3.919699474,0.2551216
daze,7,0.357796383,3,0.901577761,2.519806805,0.396855822
shouldnt,4,0.204455076,7,2.103681443,10.28921112,0.097189181
sliding,2,0.102227538,3,0.901577761,8.819323817,0.113387378
shame,3,0.153341307,3,0.901577761,5.879549211,0.170081066
hum,3,0.153341307,3,0.901577761,5.879549211,0.170081066
alley,2,0.102227538,3,0.901577761,8.819323817,0.113387378
rule,6,0.306682614,3,0.901577761,2.939774606,0.340162133
ugly,2,0.102227538,2,0.601051841,5.879549211,0.170081066
ties,2,0.102227538,2,0.601051841,5.879549211,0.170081066
renegade,4,0.204455076,7,2.103681443,10.28921112,0.097189181
ohoh,3,0.153341307,3,0.901577761,5.879549211,0.170081066
hungover,3,0.153341307,3,0.901577761,5.879549211,0.170081066
bigger,2,0.102227538,2,0.601051841,5.879549211,0.170081066
halls,3,0.153341307,3,0.901577761,5.879549211,0.170081066
echo,3,0.153341307,4,1.202103681,7.839398948,0.1275608
sails,2,0.102227538,2,0.601051841,5.879549211,0.170081066
rhett,3,0.153341307,2,0.601051841,3.919699474,0.2551216
forward,4,0.204455076,2,0.601051841,2.939774606,0.340162133